{
  "my_position": {
    "0": [
      327.12923512001163,
      126.56205375127806
    ],
    "1": [
      98.0662110675669,
      657.5496261799922
    ]
  },
  "your_position": {
    "0": [
      158.4922113124354,
      559.6576386363957
    ]
  }
}