{
  "my_position": {
    "0": [
      458.0,
      527.0
    ],
    "1": [
      326.0,
      576.0
    ],
    "2": [
      633.0,
      546.0
    ],
    "3": [
      562.0,
      631.0
    ]
  },
  "your_position": {
    "0": [
      79.0,
      129.0
    ],
    "1": [
      138.50661219316163,
      392.3971637616287
    ],
    "2": [
      574.0,
      264.0
    ],
    "3": [
      129.0,
      72.0
    ],
    "4": [
      476.0,
      108.0
    ],
    "5": [
      189.0,
      64.0
    ]
  }
}