{
  "my_position": {
    "0": [
      493.1089449619414,
      397.13067917090024
    ],
    "1": [
      275.52460292698316,
      135.85791266801454
    ],
    "2": [
      237.47539707301732,
      168.14208733198546
    ]
  },
  "your_position": {
    "0": [
      278.5083528525277,
      493.72391896071923
    ],
    "1": [
      252.40892058197994,
      544.359425643468
    ]
  }
}