{
  "my_position": {
    "0": [
      599.0385600063839,
      663.7096224387354
    ],
    "1": [
      114.0,
      625.0
    ],
    "2": [
      183.0,
      501.0
    ],
    "3": [
      545.0,
      567.0
    ],
    "4": [
      58.0,
      431.0
    ],
    "5": [
      294.0,
      629.0
    ]
  },
  "your_position": {
    "0": [
      427.0,
      229.0
    ],
    "1": [
      364.0,
      154.0
    ],
    "2": [
      316.0468620633575,
      438.50693314002035
    ],
    "3": [
      459.0,
      93.0
    ],
    "4": [
      525.0,
      205.0
    ],
    "5": [
      640.0,
      183.0
    ],
    "6": [
      163.0,
      53.0
    ]
  }
}