{
  "my_position": {
    "0": [
      257.0620785113563,
      575.2404696089494
    ],
    "1": [
      153.8238540663869,
      639.7684686223811
    ],
    "2": [
      475.8499834564963,
      563.950825327307
    ],
    "3": [
      574.0660201390077,
      513.864776320364
    ]
  },
  "your_position": {
    "0": [
      572.5201924546872,
      114.52840649194829
    ],
    "1": [
      480.3003559465344,
      310.4266710231638
    ],
    "2": [
      579.1335929903477,
      168.90972483989927
    ],
    "3": [
      582.9486046518493,
      61.13315210342715
    ],
    "4": [
      86.0,
      82.0
    ],
    "5": [
      505.1802745470946,
      156.51411393918903
    ]
  }
}